category,question,answer
میز خدمت و پذیرش,شرکت‌های غیردانش‌بنیان از چه خدماتی می‌توانند استفاده کنند؟,پاسخ: صندوق نوآوری و شکوفایی بر اساس اسناد بالادستی به صورت مستقیم صرفاً امکان ارائه خدمات به شرکت‌های دانش‌بنیان را دارد. حمایت از شرکت‌های غیردانش‌بنیان (از جمله شرکت‌های فناور، خلاق و ...) از مسیرهای زیر امکان‌پذیر است: 1. دریافت خدمات از صندوق‌های پژوهش و فناوری (لیست صندوق‌های پژوهش و فناوری در سایت www.rtfunds.ir ) 2. استفاده از مدل هم‌سرمایه‌گذاری صندوق نوآوری (مشارکت غیر مستقیم) از طریق صندوق‌های پژوهش و فناوری دانش‌بنیان 3‌ استفاده از خدمت فروش اقساطی (لیزینگ / استصناع ی اسفارش ساخت) به عنوان خریدار محصول دانش‌بنیان 4. حضور رایگان در رویدادهای تبادل فناوری که توسط صندوق نوآوری برگزار می‌شود.
میز خدمت و پذیرش,سقف میزان تسهیلات برای شرکت‌های دانش‌بنیان بر چه اساسی تعیین می‌شود؟,"پاسخ: میزان تسهیلات قابل ارائه به شرکت‌های دانش‌بنیان بر اساس طرح پیشنهادی, ظرفیت فنی, بازار، اقتصادی و مالی-اعتباری شرکت‌ها تعیین می‌گردد و نوع دانش‌بنیانی شرکت محدودیتی را ایجاد نمی‌کند."
میز خدمت و پذیرش,شركت دانش بنيان به چه شركتی گفته می شود؟,پاسخ: شرکت‌هایی که توسط کارگروه ارزیابی و تشخیص صلاحیت شرکت‌های دانش‌بنیان معاونت علمی و فناوری ریاست جمهوری ارزیابی و بر اساس «آئين‌نامه تشخيص شركت‌ها و موسسات دانش‌بنيان»، شاخص‌های عمومی و اختصاصی آئین نامه را احراز نمايند. استقرار شرکت در پارک‌های علم و فناوری یا مراکز رشد به معنی دانش‌بنیان بودن شرکت نیست.
میز خدمت و پذیرش,چه شرکت‌هایی امکان استفاده از خدمات و حمایت‌های صندوق را دارند؟,پاسخ: تمامی شرکت‌های دانش‌بنیان مورد تأیید کارگروه ارزیابی و تشخیص صلاحیت شرکت‌ها و موسسات دانش‌بنیان معاونت علمی و فناوری ریاست جمهوری (مندرج در pub.daneshbonyan.ir ) امکان استفاده از خدمات و حمایت‌های صندوق را دارند.
میز خدمت و پذیرش,شرکت‌های دانش‌بنیان از چه خدمات و حمایت‌هایی توسط صندوق نوآوری و شکوفایی بهره‌مند می‌شود؟,پاسخ: خدمات و حمایت‌های صندوق در چهار دسته اصلی «تسهیلات»، «ضمانت‌نامه»، «سرمایه‌گذاری» و «توانمندسازی (بلاعوض)» قابل ارائه به شرکت‌های دانش‌بنیان می‌باشد. جزئیات، انواع و شرایط استفاده از حمایت‌های صندوق در بخش «خدمات» سایت موجود است.
میز خدمت و پذیرش,آیا در ارائه خدمات تفاوتی بین انواع شرکت‌های دانش‌بنیان (نوپا، تولیدی، نوع 1، نوع 2) وجود دارد؟,پاسخ: خیر، تفاوتی بین انواع شرکت‌های دانش‌بنیان (نوپا، تولیدی، نوع 1، نوع 2) جهت بهره‌مندی از خدمات صندوق وجود ندارد.
میز خدمت و پذیرش,آيا حضور اعضای هيأت علمی در شرکت‌های دانش‌بنيان و داشتن سهام در آنها ضروری است؟ سهامداری دانشگاه‌ها در اين شرکت‌ها ضروری است؟,پاسخ: خیر ضروری نيست و شرکت‌های فاقد اعضای هيأت علمی نيز می‌توانند بر مبنای معيارهای ارزيابی شرکت‌های دانش‌بنيان، مشمول استفاده از حمايت‌های قانون شوند.
میز خدمت و پذیرش,هدف از تشکیل جلسه میز پذیرش چیست؟,پاسخ: هدف معرفی کامل خدمات و تسهیلات صندوق و ارائه راهنمایی و مشاوره به شرکت‌های دانش‌بنیان جهت انتخاب مناسب خدمات و تسهیلات، متناسب با وضعیت طرح پیشنهادی و ظرفیت شرکت است.
میز خدمت و پذیرش,نحوه استفاده از خدمات صندوق به چه صورت است؟ نیاز به مراجعه حضوری به صندوق است؟,پاسخ: ثبت درخواست جهت استفاده از خدمات صندوق از طریق سامانه غزال صندوق انجام می‌شود و نیازی به مراجعه حضوری به صندوق نیست.
میز خدمت و پذیرش,چه افرادی لازم است ازطرف شرکت‌های دانش‌بنیان در جلسه پذیرش حضور یابند؟,پاسخ: حضور افراد مرتبط و تصمیم‌گیر از جمله مدیر عامل و اعضای هیئت مدیره، مدیر مالی همراه با اطلاعات مالی شرکت موجب جمع‌بندی و ارائه پیشنهاد دقیق‌تر در خصوص خدمات قابل استفاده به شرکت می‌شود.
میز خدمت و پذیرش,نحوه هماهنگی و حضور در جلسه میز پذیرش به چه صورت است؟,پاسخ: با تماس با میز پذیرش صندوق به شماره 02142170611 هماهنگی جهت برگزاری جلسه میز پذیرش انجام می‌شود.
میز خدمت و پذیرش,آیا ارائه مستندات صورت‌های مالی، اظهارنامه مالیاتی، طرح توجیهی و سایر اسناد مالی در جلسه میز پذیرش اجباری می‌باشد؟,پاسخ: خیر، الزامی نیست. با این حال در صورتی که شرکت هر یک از اسناد مذکور را در جلسه میز پذیرش به همراه داشته باشد، به ارائه راهکارهای بهتر و پیشنهاد مناسب‌تر تسهیلات و خدمات صندوق، کمک می‌کند.
میز خدمت و پذیرش,آیا نوع شخصیت حقوقی شرکت (سهامی خاص، سهامی عام، مسئولیت محدود) تاثیری در ارزیابی خواهد داشت؟,پاسخ: خیر، نوع شخصیت حقوقی شرکت دانش‌بنیان تاثیری در روند ارزیابی نخواهد داشت.
میز خدمت و پذیرش,آيا ثبت درخواست، ارزيابی، دریافت خدمات و ... از صندوق نوآوری برای شرکت‌ها، مستلزم پرداخت هزينه است؟,پاسخ: خیر، فرایندهای ارزیابی، پرداخت و نظارت صندوق (یه غیر از کارمزد یا بهره تسهیلات) فاقد هزینه برای شرکت‌ها است.
میز خدمت و پذیرش,آیا حضور در جلسات میز پذیرش برای شرکت‌های متقاضی تسهیلات، اجباری است؟,پاسخ: خیر، شرکت‌ها در صورت تمایل و جهت آشنایی با کلیه خدمات و استفاده حداکثری از حمایت‌های صندوق در جلسات پذیرش حضور می‌یابند.
میز خدمت و پذیرش,آیا جهت برگزاری و حضور در جلسه میز پذیرش نیاز به مراجعه به تهران و محل صندوق است؟,پاسخ: خیر، برگزاری جلسات پذیرش به صورت حضوری، وبیناری و آنلاین و یا راهنمایی تلفنی امکان‌پذیر است.
میز خدمت و پذیرش,آیا حضور در میز پذیرش تعهدی برای صندوق در ایجاد حمایت یا اعطای تسهیلات ایجاد می کند؟,پاسخ: خیر، جمع‌بندی‌های ارائه شده در میز پذیرش در راستای راهنمایی و مشاوره به شرکت‌ها پیشنهاد می‌شود و ارائه خدمات منوط به ثبت درخواست، تکمیل اطلاعات در سامانه غزال، ارزیابی و تصویب می‌باشد.
میز خدمت و پذیرش,آیا جلسات میز پذیرش در صورت نیاز و به درخواست شرکت ها امکان تکرار دارد؟,پاسخ: بله، در صورت نیاز امکان برگزاری مجدد جلسه وجود دارد.
توانمندسازی (کمک بلاعوض),خدمات توانمندسازی صندوق شامل چه خدماتی است؟,خدمات توانمندسازی صندوق نوآوری و شکوفایی، دربردارنده حمایت‌های بلاعوض صندوق برای ارتقای توانمندی‌های فنی و مدیریتی شرکت‌های دانش‌بنیان است. این حمایت‌ها در قالب خدمات متنوع به شرکت‌های دانش‌بنیان ارائه می‌شود و پرداخت آن به صورت پسینی (پس از دریافت خدمت و ارائه اسناد مثبته به صندوق) است. در حال حاضر خدمات توانمندسازی صندوق در 6 دسته «آموزش»، «مشاوره»، «حفاظت از مالکیت فکری»، «مشاوره و اخذ استانداردها و مجوزها»، «توسعه بازار» و «رویدادها و شبکه‌سازی» به شرکت‌های دانش‌بنیان ارائه می‌شود. 1) آموزش: مشتمل بر دوره‌های آموزشی داخلی، یادگیری اختصاصی شرکت­ها و یادگیری شرکتی بین المللی است. شرکت‌های دانش‌بنیان با استفاده از حمایت بلاعوض صندوق در خدمت دوره‌های آموزشی داخلی، می‌توانند با هزینه کمتری در دوره‌های آموزشی شرکت کنند. این خدمات به صورت آنلاین و حضوری ارائه می‌شود. شركت‌‌های دانش‌بنيان در صورت داشتن شرايط لازم (ازجمله حضور حداقل 10 نفر از کارکنان شرکت در دوره) می‌توانند دوره‌های تخصصی مورد نظر خود را در محل شركت برگزار کنند و از حمايت بلاعوض صندوق برای برگزاری دوره آموزشی بهره‌مند گردند. 2) مشاوره: این خدمت، امکان بهره‌برداری شرکت‌های دانش‌بنیان از خدمات مشاوره برای حل مسائل و مشکلات شرکت در ابعاد مختلف را فراهم می‌کند و شرکت‌ها می‌توانند به صورت ساعتی از این خدمات بهره‌مند شوند. این خدمات به صورت تلفنی، آنلاین و حضوری در حوزه‌های مختلف ارائه می‌شود. 3) حفاظت از مالکیت فکری: یکی از زیرساخت‌های لازم که ضامن موفقیت اقتصادی و فناوری پژوهشگران در شرکت‌­های دانش‌بنیان است، حفاظت از حقوق مالکیت فکری­ است. درک و شناخت اهمیت و ضرورت حفاظت از حقوق مالکیت فکری جهت پیشرفت شرکت‌ها لازم و ضروری است. از این رو خدمات نیازسنجی، جست و جوی دانش­پیشین، تدوین پیش­نویس قرارداد، تحلیل پتنت، ثبت اختراع، ثبت نشان تجاری، ثبت طرح صنعتی و ثبت حق به نژادی به شرکت ­های دانش ­بنیان ارائه می ­شود. 4) حمایت از مشاوره و اخذ استانداردها و مجوزها: شرکت‌های دانش‌بنیان در راستای تجاری‌سازی و توسعه بازار محصولات و خدمات خود می‌توانند از حمايت بلاعوض صندوق برای مشاوره، دریافت و تمدید استانداردهای سیستم ­های مدیریرتی و تخصصی، استانداردهای صادراتی، خدمات آزمایشگاهی و تاییدیه های ملی بهره‌مند شوند. 5) توسعه بازار: صندوق نوآوری و شکوفایی با هدف توسعه بازار صادراتی و گسترش همکاری‌های فناورانه بین‌المللی شرکت‌های دانش‌بنیان از حضور شرکت‌های دانش‌بنیان در نمایشگاه‌های معتبر داخلی و خارجی حمایت می‌کند. این حمایت‌ها به صورت حضور مستقل، برپایی پاویون و اعزام هیات تجاری و فناوری انجام می‌شود. همچنین در قالب مراکز فروش خارجی و پذیرش هیات به یافتن مشتری، شریک تجاری و سرمایه‌گذاران خارجی به شرکت‌های دانش‌بنیان کمک می‌کند. 6) رویدادها و شبکه‌سازی: صندوق نوآوری و شکوفائی با هدف شبکه‌سازی و کمک به تجاری‌سازی و توسعه بازار محصولات دانش‌بنیان و با رویکرد اطلاع‌رسانی فرصت‌های موجود در اکوسیستم نوآوری و فناوری برای ارائه توانمندی‌ها و دستاوردهای دانش‌بنیان یا اعلام نیازهای فناورانه صنایع بزرگ کشور و نیز انتقال تجربیات شرکت‌های دانش‌بنیان در حوزه‌های تخصصی از برگزاری رویدادهای تبادل فناوری حمایت می‌کند. همچنین به‌منظور تکمیل چرخه ایده تا بازار و کمک به جذب سرمایه برای استارت‌آپ‌ها و صاحبان ایده، رویدادهای تخصصی سرمایه‌گذاری را با هدف ایجاد بستر به‌هم‌رسانی سرمایه‌گذار و سرمایه‌پذیر تحت عناوین رویدادهای پیوند و دوشنبه‌های استارت‌آپی طراحی و اجرا نموده است. در این رویدادها، استارت‌آپ‌ها و صاحبان ایده، پس از ارزیابی و طی مراحل توانمندسازی، برای جذب سرمایه به شتابدهنده‌ها، صندوق‌های پژوهش و فناوری، سرمایه‌گذاران جسورانه و سایر بازیگران مالی زیست‌بوم نوآوری کشور معرفی می‌شوند. برای كسب اطلاعات بيشتر به پورتال توانمندسازی، www.cbd.inif.ir مراجعه کنید.
توانمندسازی (کمک بلاعوض),خدمات توانمندسازی صندوق نوآوری و شکوفایی چگونه و از طریق چه مجموعه‌هایی ارائه می‌شود؟,خدمات توانمندسازی صندوق نوآوری و شکوفایی از طریق كارگزاران تأییدشده صندوق به شركت‌های دانش‌بنيان ارائه می‌شود. برای دریافت اطلاعات تماس کارگزاران توانمندسازی و کسب راهنمایی بیشتر به نشانی https://cbd.inif.ir/contact-us مراجعه فرمایید.
توانمندسازی (کمک بلاعوض),ثبت‌نام برای بهره‌برداری از خدمات توانمندسازی صندوق چگونه است؟,اطلاع‌رسانی خدمات توانمندسازی از طریق سایت و کانال‌های اطلاع‌رسانی صندوق و مدیریت توانمندسازی انجام می‌شود. شرکت‌های دانش‌بنیان به منظور ارائه درخواست خود برای دریافت این خدمات باید به سامانه غزال به آدرس ghazal.inif.ir مراجعه کنند.
توانمندسازی (کمک بلاعوض),آیا شرکت‌های دانش‌بنیان می‌توانند نیازمندی‌های توانمندسازی خود را به صندوق پیشنهاد دهند؟,بلی. شرکت‌ها می‌توانند خدمات پیشنهادی و نیازمندی‌های خود را از طریق ارسال نامه (خطاب به معاون توسعه) به دبيرخانه صندوق به آدرس Info@inif.ir يا شماره فاكس 42170115 به صندوق اعلام کنند تا در صورت تأیید، خدمات توانمندسازی مورد نیاز به خدمات فعلی اضافه شود.
توانمندسازی (کمک بلاعوض),راه‌های ارتباط با مدیریت توانمندسازی صندوق چگونه است؟,مدیریت توانمندسازی صندوق، متولی ارائه خدمات توانمندسازی به شرکت‌های دانش‌بنیان، زیرمجموعه معاونت توسعه است. برای دریافت اطلاعات تماس كارشناسان توانمندسازی و کسب راهنمایی بیشتر به نشانی https://cbd.inif.ir/contact-us مراجعه فرمایید. لینک ثبت درخواست خدمات توانمندسازی: ghazal.inif.ir
ضمانت‌نامه,شرکت دانش بنیان برای دریافت ضمانت نامه باید واجد چه شرایطی باشد؟,دانش بنیان بودن عنوان قرارداد نداشتن اقساط معوق و چک برگشتی، عدم شمول ماده 141 قانون تجارت و ... الزامی است شرایط صدور ضمانت‌نامه با توجه به اعتبار شرکت مشخص می‌شود.
ضمانت‌نامه,صندوق چگونه ضمانت نامه صادر می نماید؟,صندوق از طریق بانک های عامل که با آنها تفاهم نامه همکاری منعقد نموده است، اقدام به تسهیل صدور ضمانت نامه می کند.
ضمانت‌نامه,تسهیل صدور ضمانت نامه به چه شکل توسط صندوق انجام می شود ؟,تمامی ضمانت نامه ها مشمول کمک در ودیعه و کارمزد ضمانت نامه می باشد به شکلی که شرکت 2.5 % مبلغ ضمانت نامه را به عنوان ودیعه پرداخت کرده و کارمزد ضمانت نامه نیز مشمول حداقل 30% تخفیف می باشد. شایان ذکر است ودیعه پرداختی شرکت برای ضمانت نامه شرکت در مناقصه/مزایده صفر می باشد.
ضمانت‌نامه,انواع ضمانت‌نامه‌های صندوق شامل چه مواردی می‌شود ؟,ضمانت‌نامه شرکت در مناقصه/مزایده ضمانت‌نامه حسن انجام کار/تعهدات ضمانت‌نامه پیش‌پرداخت ضمانت نامه گمرکی ضمانت نامه کسور وجه الضمان
ضمانت‌نامه,مراحل دریافت ضمانت نامه چگونه است؟,ثبت درخواست از طریق سامانه غزال اصلاح درخواست توسط کارشناس در صورت نیاز به اصلاح بررسی کارشناس تصمیم گیری اخذ مصوبه مراجعه شرکت به بانک برای تکمیل پرونده و دریافت ضمانت نامه
ضمانت‌نامه,زمان ارزیابی صندوق برای درخواست ضمانت نامه چند روز است؟,به طور متوسط بین 4 تا 5 روز است.
ضمانت‌نامه,برای درخواست ضمانت نامه چه مدارکی لازم است؟,ضمانت نامه شرکت در مناقصه : آگهی مناقصه ، اظهارنامه مالیاتی و یا صورت مالی حسابرسی شده آخرین سال مالی. ضمانت نامه حسن انجام کار/تعهدات : نامه کارفرما، پیش قرارداد یا قرارداد امضا شده و یا سفارش خرید رسمی ، اظهارنامه مالیاتی یا صورت مالی حسابرسی شده آخرین سال مالی ضمانت نامه پیش پرداخت: نامه کارفرما، قرارداد امضا شده یا سفارش خرید رسمی ، اظهارنامه مالیاتی یا صورت مالی حسابرسی شده آخرین سال مالی ضمانت نامه گمرکی : اظهارنامه گمرک، نامه گمرک برای دریافت ضمانت نامه ممهور به مهر بانک، نامه رسمی شرکت در مورد ارتباط اقلام وارداتی با محصولات دانش بنیان، اظهارنامه مالیاتی یا صورت مالی حسابرسی شده آخرین سال مالی ضمانت نامه کسور وجه الضمان : نامه کارفرما ، قرارداد امضا شده ، اظهارنامه مالیاتی یا صورت مالی حسابرسی شده آخرین سال مالی شایان ذکر است برای تمامی موارد ، در زمان صدور ضمانت نامه قرارداد باید معتبر باشد. همچنین داشتن صورت مالی حسابرسی شده برای درخواستهای با مبلغ بالاتر از 5 میلیارد تومان الزامی میباشد.
ضمانت‌نامه,دانش بنیانی عنوان قرارداد چگونه مشخص می شود ؟,در هر مورد عنوان قرارداد با لیست محصولات دانش بنیان اعلامی توسط سامانه معاونت علمی کنترل می شود و مرجع دانش بنیانی عنوان قرارداد، سامانه معاونت علمی میباشد.
سرمایه‌گذاری,آیا موضوع مشارکت باید حتماً دانش‌بنیان باشد؟,موضوع مشارکت بایستی شرکت دانش بنیان باشد؛ در صورتی که موضوع مذکور دانش‌بنیان نیست لازم است عامل سرمایه‌گذاری دانش بنیان باشد.
سرمایه‌گذاری,صندوق چگونه با متقاضیان مشارکت می‌کند؟,مدل مشارکت صندوق هم‌سرمایه‌گذاری است؛ هم‌سرمایه‌گذاری صندوق در ۲ قالب «مشارکت ۲ جزیی» و «مشارکت ۳ جزیی» اجرا می‌شود. تفاوت این آنها در ادامه مشخص می‌شود.
سرمایه‌گذاری,نوع سرمایه گذاری صندوق به چه شکل خواهد بود؟,سرمایه گذاری صندوق و عامل صرفاً نقدی است و هیچیک آورده غیر‏نقدی ندارند.
سرمایه‌گذاری,متقاضیان چگونه فرایند را آغاز کنند و گام نخست برای سرمایه‌گذاری در این چارچوب چیست؟,متقاضی بایستی در گام نخست به یکی از عاملین سرمایه‌گذاری صندوق مراجعه کند. پس از آن موضوع فعالیت و طرح خود را ارائه و مدارک مورد نیاز عامل برای بررسی و ارزیابی را در اختیار عامل قرار میدهد. عامل به‌صورت مستقل اقدام به ارزیابی موضوع می‌کند. پس از انجام مذاکرات با عامل سرمایه‌گذاری و توافق در خصوص ابعاد مختلف مشارکت، عامل موضوع را به صندوق پیشنهاد خواهد کرد.
سرمایه‌گذاری,تفاوت سرمایه‌گذاری با تسهیلات چیست؟,منظور از سرمایه گذاری و مشارکت در طرح ها، تأمین سرمایه لازم برای شرکت‌های دانش بنیان و نوآور و مشارکت در سود یا زیان احتمالی است. در سرمایه گذاری تعهدی برای بازپرداخت منابع دریافتی وجود ندارد و بدیهی است وثیقه ای نیز برای اصل یا فرع مبالغ تخصیص داده شده اخذ نخواهد شد. در این چارچوب صندوق در سود و زیان احتمالی برابر با سهم الشرکه خود سهیم است.
سرمایه‌گذاری,تفاوت مشارکت دوجزئی و مشارکت سه جزئی چیست؟,در مشارکت سه جزئی حالت علاوه بر عامل، یک نهاد همکار مانند شتابدهنده ، پژوهشکده، مرکز رشد و .. حضور دارد. حداقل آورده نهاد همکار پنج درصد سرمایه مورد نیاز است هدف از این مدل فراهم کردن امکان همکاری صندوق با نهادهای فعال در اکوسیستم نوآوری و دانش‌بنیان کشور است. به طور نمونه شتاب‌دهنده‌ها می‌توانند از طریق تعامل با یکی از عاملین سرمایه‌گذاری، موضوعات مشارکت پیشنهادی خود را به صندوق معرفی و جذب منابع کنند. بنابراین تمامی نهادهای علمی و پژوهشی کشور می‌توانند در صورت توافق با یک عامل سرمایه‌گذاری منابع مورد نیاز خود را دریافت نمایند.
سرمایه‌گذاری,منظور از عامل کیست؟ چه اشخاص حقوقی واجد شرایط اخذ عاملیت‌اند؟,عامل هم ‏سرمایه‏ گذاری، صندوق‏های پژوهش و فناوری و یا سایر صندوق‏های مالی دارای مجوز قانونی هستند که طرف قرارداد صندوق در قرارداد هم‏‌سرمایه‏‌گذاری بوده و مسئولیت‏های غربالگری اولیه، ارایه طرح توجیهی به صندوق، عقد قرارداد سرمایه گذاری با موضوعات مشارکت و مسئولیت‏‎های مدیریتی، اجرایی و نظارتی بر موضوعات مشارکت را بر عهده دارند.
سرمایه‌گذاری,تزریق سرمایه مورد نیاز در طی مراحل اجرای کار چگونه خواهد بود؟,تزریق منابع مالی به صورت مرحله به مرحله خواهد بود.
سرمایه‌گذاری,هم‌سرمایه‌گذاری به چه مفهومی است؟,اصطلاح هم‌سرمایه‌گذاری به مفهوم همراهی صندوق با یک سرمایه‌گذار حرفه‌ای است. بنابراین صندوق به اتکای یک سرمایه‌گذار حرفه‌ای اقدام به تخصیص منابع و سرمایه‌گذاری در یک موضوع مشارکت خواهد کرد. در این‌جا سرمایه‌گذاری که صندوق به عنوان سرمایه‌گذار حرفه‌ای می‌شناسد، عاملین سرمایه‌گذاری صندوق هستند. در این چارچوب نقش اصلی بر عهده عاملین سرمایه‌گذاری است و صندوق به عنوان هم‌سرمایه‌گذار به تشخیص، مدیریت و قدرت ارزیابی آنها اعتماد کرده و آنها را همراهی می‌کند.
سرمایه‌گذاری,زمان‌بندی ارزیابی چگونه است؟,هدف صندوق ارائه پاسخ در کمترین زمان ممکن است. مهمترین شاخص در تسریع فرایند ارائه اطلاعاتی است که صندوق در «پیوست ب» راهنمای هم‌سرمایه‌گذاری خود به آنها اشاره کرده است. بنابراین در صورتی‌که اطلاعات مذکور در زمان ارائه پیشنهادات به صندوق ارسال شده باشد، صندوق در کمترین زمان ممکن ارزیابی، عقد قرارداد و پرداخت را انجام خواهد داد.
سرمایه‌گذاری,دوره مشارکت چه مدت است؟ و شامل چه مراحلی است؟,دوره مشارکت با عاملین در هر موضوع مشارکت، پنج سال است و با سپری شدن آن دوره نقدی‏سازی و خروج باید شروع شود. در موارد خاص ‌که به هر دلیل امکان خروج فراهم نباشد، مدت مذکور قابل تمدید است.
سرمایه‌گذاری,صندوق نوآوری و شکوفایی با چه شرایطی در تأسیس صندوق‌های سرمایه‌گذاری جسورانه و خصوصی مشارکت می‌کند؟,صندوق نوآوری و شکوفایی تا سقف 40 درصد در تاسیس صندوق های جسورانه و خصوصی بورسی مشارکت خواهد کرد. همچنین متناسب با ساختار کمیته سرمایه‌گذاری صندوق مذکور نماینده خود را معرفی می‌کند.
سرمایه‌گذاری,تفاوت مدل هم سرمایه‌گذاری با سرمایه‌گذاری مستقیم چیست؟,در سرمایه گذاری مستقیم صندوق به صورت مستقیم شریک موضوع مشارکت و کارآفرینان است. اما در این مدل مسئولیت مدیریت، نظارت، خروج، تصمیم‌گیری و انتخاب نماینده حقوقی در موضوعهای مشارکت با عامل سرمایه گذاری است. سهام صندوق نیز به نام عامل است و کلیه تعاملات موضوع مشارکت با عامل خواهد بود.
سرمایه‌گذاری,منظور از موضوع مشارکت چیست؟,موضوع مشارکت همان شرکت، طرح سرمایه‌پذیر و بطور عمومی متقاضی جذب سرمایه است.
سرمایه‌گذاری,چرا صندوق از هم‌سرمایه‌گذاری استفاده می‌کند؟,صندوق نوآوری و شکوفایی یک نهاد عمومی است. نهادهای عمومی با مشکلاتی مانند: فرایندهای پیچیده، انعطاف پایین در تصمیم‌گیری، عدم شناخت اقتضائات اکوسیستم دانش‌بنیان، محدودیت در ارائه خدمات، تغییرات مدیریتی و... مواجه هستند. از طرف دیگر مشارکت یک همکاری طولانی مدت است؛ در دوره همکاری نیاز است همه شرکا کاملا هماهنگ باشند و خود را با نوسانات و تحولات تطبیق دهند. بعلاوه ذات سرمایه‌گذاری خطرپذیر با محدودیت‌های نهادهای عمومی سازگار نیست. بنابراین در قالب هم‌سرمایه‌گذاری صندوق نوآوری و شکوفایی از دخالت مستقیم خود در بازار کاسته و بنگاهداری خود را به حداقل می‌رساند. در عین حال ریسک ایده‌های نوآورانه و موضوعات دانش‌بنیان را نیز از طریق تزریق منابع کاهش خواهد داد. در این قالب کلیه عملیات از ارزیابی تا خروج تحت مدیریت عاملین سرمایه‌گذاری انجام می‌شود و حتی سهام صندوق نوآوری و شکوفایی در موضوع مشارکت نیز به نام عامل است.
سرمایه‌گذاری,فرآیند ارزیابی طرح ها در صندوق نواوری و شکوفایی چگونه است؟,پس ارائه طرح های توجیهی هر یک از موضوعات پیشنهادی توسط عامل، صندوق نسبت به ارزیابی اقدام می‌کند. ممکن است صندوق به منظور تسریع فرایند، از کارگزاران یا مشاوران فنی استفاده کند .
سرمایه‌گذاری,ماهیت ثبتی موضوع مشارکت چیست؟,اولویت صندوق نوآوری و شکوفایی این است که مشارکت در قالب یک شرکت سهامی خاص انجام شود. شرکت مذکور ممکن است موجود بوده یا پس از عقد قرارداد ثبت شود.
سرمایه‌گذاری,آیا صندوق در خصوص پاداش، کارمزد، درصد تادیه اولیه و سرمایه صندوق چارچوب مشخص و سقف مصوبی دارد؟,صندوق نوآوری و شکوفایی مانند هر سرمایه‌گذاری بر اساس جذابیت پیشنهاد دریافتی، سابقه، تخصص و توجیه اقتصادی، پیشنهادها را ارزیابی و تصمیم‌گیری می‌کند.
سرمایه‌گذاری,شرایط صندوق برای همکاری در تاسیس صندوق¬های جسورانه به چه نحوی است؟,صندوق در چارچوب اساس‌نامه و امیدنامه مصوب سازمان بورس عمل می‌کند. محدودیت‌های احتمالی نیز در همین چارچوب است و به نحوی است که برای تمامی مشارکت کنندگان حقوق منصفانه ایجاد شود. این خصوص صندوق حقوق یک‌جانبه‌ای را مطالبه نخواهد کرد.
سرمایه‌گذاری,منظور از مشارکت دو جزئی و سه جزئی چیست؟,مشارکت دو جزئی بین صندوق و عامل به عنوان ارکان مشارکت انجام می‌شود. صندوق در این قالب حداکثر ۸۰ درصد نقدینگی مورد نیاز را تامین میکند و عامل نیز متعهد خواهد بود حداقل ۲۰ درصد از نقدینگی مورد نیاز هر موضوع مشارکت را از منابع خود شخصا تامین کند. در مشارکت سه جزئی ارکان مشارکت صندوق، عامل و یک جزء سوم به نام نهاد همکار است. در این قالب مجموع تامین مالی عامل و نهاد همکار باید حداقل ۲۰ درصد باشد و حداکثر ۸۰ درصد نقدینگی مورد نیاز توسط صندوق تامین میشود. نکتهی حایز اهمیت این است که آوردهی نقدی نهاد همکار و عامل نمیتواند کمتر از ۵ درصد باشد. به عبارت دیگر نهادهای دارای موضوعات مشارکت می‌تواند از طریق عاملین سرمایه‌گذاری برای دریافت منابع صندوق اقدام کنند. کافی‌است مجموع آورده نهاد همکار و عامل حداقل ۲۰ درصد از سرمایه مورد نیاز باشد.
سرمایه‌گذاری,نقش صندوق در تاسیس یک صندوق جسورانه یا خصوصی چیست؟,صندوق نوآوری و شکوفایی به عنوان یکی از موسسان (سهامداران ممتاز) مشارکت دارد و نقش مدیر صندوق را نخواهد داشت.
سرمایه‌گذاری,منظور از ضریب هم سرمایه‌گذاری در قرارداد هم سرمایه‌گذاری چیست؟ این ضریب به چه نحو تعیین می‌شود؟,نسبت آورده نقد صندوق و آورده نقد عامل ضریب هم سرمایه گذاری نام دارد. ضریب هم سرمایه گذاری 1:1 الی 1:4 است؛ شاخص تعیین کننده در تعیین این ضریب اولویت استراتژیک و فناورانه یک موضوع مشارکت است. در راهنمای سرمایه‌گذاری حدود و ثغور ضریب مذکور و سیاست اجرایی صندوق در این خصوص مشخص شده است.
سرمایه‌گذاری,آیا صندوق در تاسیس صندوق‌های جسورانه صرفا حوزه‌های خاصی را مد نظر دارد؟,صندوق محدودیتی در مشارکت در این صندوق ها ندارد.
سرمایه‌گذاری,گستره و عمق نظارت صندوق بر قراردادهای هم‌سرمایه‌گذاری تا چه میزان است؟,صندوق در امور اجرایی و مدیریتی دخالتی ندارد و نظارت صندوق صرفاً در قالب دریافت گزارشهای دوره‌ای و حصول اطمینان از عدم تخلف توسط مشارکت‌کنندگان است. صندوق در وجود نظم و ساختار دقیق مالی در موضوعات مشارکت بسیار حساس است. لذا مقتضی است موضوعات مشارکت تهیه صورت‌های مالی دوره‌ای حسابرسی شده و ایجاد زیرساخت‌های مالی و حسابدرای دقیق را در اولویت برنامه‌ خود قرار دهند.
حقوقی(وثایق، تضامین و ...),میزان وثایق و تضمینات مورد نیاز چقدر است؟,وثایق و تضمینات ارائه شده از سوی شرکت متقاضی (جز در موارد استثنایی) می بایست با توجه به مبلغ تسهیلات 105 تا 115 درصد اصل و فرع تسهیلات را پوشش دهد.
حقوقی(وثایق، تضامین و ...),آیا به جای وثیقه ملکی میتوان ضمانت نامه ارائه داد؟,بله امکان ارائه ضمانت نامه بانکی تعهد پرداخت قابل تمدید از بانکهای معتبر دارای مجوز از بانک مرکزی بجای سایر تضمینات وجود دارد.
حقوقی(وثایق، تضامین و ...),شرایط ترهین اموال غیرمنقول (املاک) چیست؟,ملک مورد وثیقه بایستی به صورت شش دانگ، بلامعارض، مفروز، محصور، ارزنده، سهل البیع و دارای سند مالکیت رسمی بوده و در طرح تعریض کوچه، خیابان و سایر طرح های شهرداری و راه سازی و مترو قرار نداشته باشد و دارای پایان کار باشد. این موارد توسط صندوق از مراجع ذیربط مانند شهرداری استعلام خواهد شد.
حقوقی(وثایق، تضامین و ...),آیا سند غیر 6 دانگ (مثلا 2 دانگ از یک ملک) قابل ترهین است؟,خیر، امکان ترهین سند کمتر از 6 دانگ وجود ندارد. درصورت مشاع بودن مالکیت، کلیه مالکین باید بعنوان وثیقه گذار سند رهنی را امضا نمایند.
حقوقی(وثایق، تضامین و ...),آیا وثیقه ملکی می تواند متعلق به شخص دیگری جز شرکت تسهیلات گیرنده یا اعضای هیات مدیره باشد؟,بله، درصورتی که ملک موردنظر شرایطی که در دستورالعمل اخذ تضمینات آمده است را داشته باشد این امر امکانپذیر خواهد بود.
حقوقی(وثایق، تضامین و ...),اگر ارزش ملک بیش از میزان وثیقه مورد نیاز باشد می توان باقیمانده آن را در رهن بانک یا صندوق دیگری قرار داد؟,بله، شرکت می بایست درخواست کتبی خود را، به واحد حقوقی ارائه دهد تا موضوع در کمیته اعتباری طرح و در خصوص آن تصمیم گیری شود.
حقوقی(وثایق، تضامین و ...),ضامن معتبر کیست؟,ضامن معتبر عبارتست از اشخاص اعم از حقیقی یا حقوقی که پس از ارسال مدارک خود و انجام اعتبارسنجی از سوی صندوق، تمکن مالی ایشان جهت ضمانت احراز و تایید می گردد. مدارک مورد نیاز جهت معرفی ضامن معتبر در «فرم معرفی ضامن معتبر» موجود است.
حقوقی(وثایق، تضامین و ...),هزینه ارزیابی و ترهین وثائق و تضمینات بر عهده کیست؟,کلیه هزینه های انعقاد قرارداد، اعم از هزینه های مربوط به ارائه تضمینات و وثائق و همچنین ارزیابی و کارشناسی و کلیه هزینه های تنظیم سند رهنی با متقاضی تسهیلات است و باید قبل از انعقاد قرارداد یا اقدام صندوق پرداخت گردد.
حقوقی(وثایق، تضامین و ...),شرایط ترهین ماشین آلات چیست؟,ترهین ماشین آلات و تجهیزات تنها در صورت درج در مصوبه کمیته اعتباری، پس از ارزیابی توسط کارشناس یا کارشناسان رسمی دادگستری، در دفتر اسناد رسمی و با هزینه متقاضی انجام می گیرد. لازم به ذکر است که منظور از ماشین آلات و تجهیزات، ماشین آلات منصوب در محل اجرای می باشند که بنا به مورد باید دارای فاکتور و بیمه نامه معتبر بوده و حداقل 130 درصد اصل و فرع تسهیلات را پوشش دهد.
حقوقی(وثایق، تضامین و ...),آیا امالکی که دارای مستاجر میباشند قابل ترهین هستند؟,بله درصورتی که قرارداد اجاره بیش از 1 سال نباشد و در املاک تجاری مستأجر فاقد حق سرقفلی یا کسب و پیشه و تجارت به هر نحو باشد.
حقوقی(وثایق، تضامین و ...),چه نوع ضمانت نامه ای جهت تضمین دریافت تسهیلات قابل ارائه است؟,"ضمانت نامه باید بانکی و از نوع ""تعهد پرداخت"" و بدون قید و شرط و قابل تمدید ولو کراراً و مدت آن متناسب با مدت قرارداد باشد. درصورت انقضاء مدت ضمانتنامه قبل از انجام تعهدات و عدم تمدید آن از سوی متقاضی، صندوق نسبت به وصول وجه ضمانت نامه اقدام خواهد نمود."
حقوقی(وثایق، تضامین و ...),آیا اعضای هیات مدیره میتوانند بجای چک شرکت، از چک شخصی خود جهت ارائه چکهای اقساط یا تضمین استفاده نمایند؟,خیر. با توجه به اینکه طرف اصلی قرارداد تسهیلات، شرکت می باشد لذا اخذ چک شخصی از اعضای هیات مدیره یا اشخاص ثالث بجای شرکت امکانپذیر نمی باشد.
حقوقی(وثایق، تضامین و ...),آیا املاک اداری و تجاری به عنوان وثیقه مورد قبول میباشد؟,املاک تجاری و اداری ارزنده و سهل البیع درصورتیکه شخص ثالث حق سرقفلی یا کسب و پیشه نسبت به آن نداشته باشد و شرکت حق واگذاری آن را به هرشکل در سند رهنی از خود سلب نماید، بعنوان وثیقه قابل پذیرش هستند.
حقوقی(وثایق، تضامین و ...),آیا امکان پذیرش املاک فاقد سند رسمی به عنوان وثیقه وجود دارد؟,خیر. املاک باید دارای سند و پلاک ثبتی باشند تا قابلیت ترهین داشته باشند.
حقوقی(وثایق، تضامین و ...),آیا املاک واقع در شهرک های صنعتی پارکها و شهرک های علمی و تحقیقاتی قابلیت ترهین دارند؟ با چه شرایطی؟,در صورتی که این املاک محل اجرای طرح و دارای پایانکار باشد به شرط درج در مصوبه کمیته اعتباری و بلامانع بودن ترهین از نظر شهرک صنعتی یا پارک مربوطه، مورد قبول می باشد. لازم به ذکر است مبنای ترهین این املاک تا سقف 60 درصد ارزش کارشناسی می باشد.
حقوقی(وثایق، تضامین و ...),اقدامات مورد نیاز جهت عقد قرارداد تسهیلات در واحد حقوقی چیست؟,پس از تماس با شماره مسئول دفتر حقوقی به شماره تماس 42170871 ، متقاضی برای مراجعه به پایگاه اینترنتی صندوق نوآوری و شکوفائی به نشانی nsfund.ir و سپس به ترتیب، مراجعه به بخش خدمات، کاربرگ های حقوقی و سپس بارگیری فرم های درخواست انعقاد عقد قرارداد، معرفی وثیقه ملکی، معرفی ضامن معتبر و معرفی ماشین آلات و تجهیزات با توجه به وثیقه مقرر شده در مصوبه کمیته اعتباری و پس از آن تکمیل فرم ها و ارسال آن به همراه پیوست های مورد نیاز به ایمیل واحد حقوقی به نشانی legal@nsfund.ir راهنمایی می گردد. پس از ارسال فرمها و مدارک متقاضی از طریق تماس با مسئول دفتر از صحت و تکمیل بودن اسناد ارسالی اطمینان حاصل می کند. در صورتیکه اسناد ارسالی کامل باشد، پرونده به یک کارشناس حقوقی مستقر در واحد حقوقی صندوق ارجاع، و از این طریق فرایند عقد قرارداد تا ترهین و توثیق تضمینات و امضای قرارداد و تنفیذ آن پیگیری خواهد شد.
حقوقی(وثایق، تضامین و ...),آیا ضامن میتواند از پرسنل خود شرکت تسهیالت گیرنده باشد؟,خیر.
حقوقی(وثایق، تضامین و ...),ارزیابی اموال منقول و غیر منقول معرفی شده از سوی شرکتها به عنوان وثیقه از چه طریقی انجام می شود و هزینه آن بر عهده کیست؟,پس از تکمیل فرم معرفی ملک به عنوان وثیقه و پیوستهای آن، در صورت نبود مشکل و کامل بودن مستندات، واحد حقوقی صندوق بنا به مورد یک یا چند نفر از کارشناسان رسمی دادگستری معتمد را جهت ارزیابی ملک تعیین می نماید و یا طی نامه ای به کانون کارشناسان محل وقوع مال منقول یا غیرمنقول، درخواست معرفی کارشناس از ایشان می نماید. لازم به ذکر است کلیه هماهنگی های مربوطه و هزینه ها برعهده متقاضی تسهیلات بوده و صندوق هیچ مسئولیتی در این زمینه ندارد.
حقوقی(وثایق، تضامین و ...),فک رهن و استرداد تضمینات چه زمانی ممکن است؟,پس از اعلام کتبی حسابداری صندوق مبنی بر تسویه کامل بدهی شرکت.
حقوقی(وثایق، تضامین و ...),آیا صاحبان امضاء و ضامنین و وثیقه گذاران میتوانند در محل صندوق حضور نیافته و از طریق دیگری نسبت به امضای قرارداد اقدام نمایند؟,صاحبان حق امضاء باید در محل صندوق حضور پیدا کنند. حضور ضامنین جهت احراز هویت و تفهیم مسئولیت قراردادی به ایشان در زمان عقد قرارداد الزامی است. از ضامنین و صاحبان حق امضای شرکت وکالتنامه پذیرفته نمی شود. اما وثیقه گذاران می توانند با اعطای وکالت به اشخاص دیگر مطابق فرمت وکالتنامه مورد تأیید صندوق در محل صندوق و دفتر اسناد رسمی حضور پیدا نکنند. چنانچه اشخاص مذکور دارای عذر موجهی جهت حضور در محل صندوق می باشند (مانند بیماری مانع از حرکت) شرکت می تواند درخواست کتبی خود را جهت بررسی به واحد حقوقی ارائه نماید.
حقوقی(وثایق، تضامین و ...),آیا امکان تغییر و تبدیل وثائق و تضمینات و یا فروش آنها پس از عقد قرارداد وجود دارد؟,چنانچه شرکت پس از ترهین عقد تغییر وثیقه را داشته باشد، می بایست وثیقه ای که به لحاظ کیفیت معادل یا بهتر از وثیقه قبلی باشد را معرفی نموده و در صورت تایید آن با جلب نظر کارشناس، امکان تبدیل وثیقه وجود دارد. فروش وثیقه بعد از تنظیم سند رهنی به شخص ثالث، صرفاً، با موافقت کتبی و قبلی صندوق و با حفظ حقوق رهنی ممکن است. تغییر تضمینات از نوعی به نوع دیگر صرفاً زمانی ممکن است که وثیقه جدید به لحاظ کیفیت و ارزش از وثیقه قبلی بهتر باشد. (مثلا تبدیل ضامن به ضمانت نامه بانکی)
حقوقی(وثایق، تضامین و ...),آیا امکان ترهین مازاد املاک در رهن سایر بانک ها و موسسات و صندوق ها نزد صندوق وجود دارد؟,شرکت می تواند درخواست خود را به همراه نامه موافقت مرتهن اول به واحد حقوقی صندوق ارائه نماید تا موضوع در کمیته اعتباری صندوق طرح و در خصوص آن تصمیم گیری شود.
حقوقی(وثایق، تضامین و ...),آیا امکان اعتراض به نظریه کارشناسی ارزیابی وثائق وجود دارد؟,بله، چنانچه متقاضی تسهیلات به نظریه کارشناسی مبنی بر ارزیابی تضمینات و وثائق اعتراضی داشته باشد می تواند با هزینه خود درخواست کارشناسی مجدد کند. کارشناس یا خبره جدید از سوی صندوق یا کانون کارشناسان و مرکز مشاوران تعیین می گردد.
حقوقی(وثایق، تضامین و ...),آیا امکان ارائه تضمینات به صورت مرحله ای متناسب با پرداخت تسهیلات وجود دارد؟,درصورت درج در مصوبه اعتباری شرکت امکانپذیر است، درصورت عدم درج شرکت میتواند از طریق معاونت مربوطه درخواست خود را جهت ارائه مرحله ای تضمینات به مقام تصویب کننده ارائه دهد.
حقوقی(وثایق، تضامین و ...),آیا جهت عقد قرارداد تسهیلات در واحد حقوقی حضور فیزیکی متقاضی الزم است؟,صرفاً یک بار، آن هم برای امضای قرارداد. سایر مراحل و تشریفات بصورت الکترونیک و تلفنی انجام می شود.
حقوقی(وثایق، تضامین و ...),مهلت عقد قرارداد از زمان ابلاغ به شرکت چند روز است؟,اگر در نامه ابلاغ مصوبه به شرکت مدت تعیین نشده حداکثر 45 روز.
حقوقی(وثایق، تضامین و ...),آیا فرم های مورد نیاز جهت عقد قرارداد می بایست به صورت تایپی تکمیل گردد؟,بجز فرم درخواست انعقاد قرارداد که می بایست فایل متنی آن در قالبword ارسال شود، بقیه فرمها را می توان از بصورت تایپی یا دستی تکمیل و بعد از اسکن ایمیل نمود.
حقوقی(وثایق، تضامین و ...),در صورت انقضای مدت عقد قرارداد از سوی شرکت چه اقدامی باید صورت پذیرد؟,شرکت باید درخواست خود مبنی بر تمدید مدت قرارداد را به طور کتبی و مستدل خطاب به معاون مربوطه مطرح نماید تا مساله در کمیته اعتباری صندوق نوآوری و شکوفائی طرح و در خصوص آن تصمیم گیری گردد.
حقوقی(وثایق، تضامین و ...),اگر شرکتی به مفاد مصوبه ابلاغی اعتراض داشته باشد چه اقدامی می تواند انجام دهد؟,واحد حقوقی صندوق صرفاً مجری مصوبات بوده و هیچ اختیاری در تغییر مصوبه ندارد. شرکت می تواند اعتراض و دلایل آن را به طور کتبی خطاب به معاون مربوطه اعلام نماید. معاون محترم مربوطه در صورت موافقت با درخواست نسبت به انجام تشریفات قانونی اقدام خواهد کرد.
حقوقی(وثایق، تضامین و ...),آیا امکان ترهین مطالبات متقاضی از دستگاههای اجرایی نزد صندوق یا تهاتر آن مطالبات با بدهی شرکت به صندوق وجود دارد؟,چنانچه دستگاههای دولتی در قبال مطالبات شرکت متقاضی اسناد خزانه یا اوراق مشارکت صادر نموده باشند امکان ترهین آن موجود است و شرکت می تواند درخواست کتبی خود را ارسال نماید، در غیر این صورت امکان ترهین وجود ندارد. ضمناً تهاتر مطالبات شرکتها از سایر دستگاههای دولتی با بدهی شرکت به صندوق بدلیل استقلال مالی و تشکیلاتی صندوق از وزارتخانه ها و دستگاههای دولتی، به هیچ عنوان ممکن نیست.
فروش اقساطی (لیزینگ و سفارش ساخت),سقف استفاده از تسهیلات لیزینگ برای هر شرکت دانش بنیان چقدر است؟,1500 میلیارد ریال
فروش اقساطی (لیزینگ و سفارش ساخت),به هر قرارداد چه میزان تسهیلات لیزینگ تعلق می¬گیرد؟,در صورت احراز شرایط میزان تسهیلات لیزینگ و استصناع حداکثر 80 درصد ارزش کارشناسی محصول (بدون مالیات بر ارزش افزوده) خواهد بود.
فروش اقساطی (لیزینگ و سفارش ساخت),مدارک و مستندات مورد نیاز در تهیه گزارش ارزیابی شامل چه مواردی است؟,اط لاعات مورد نیاز جهت بررسی درخواست به تفکیک فروشنده و خریدار به شرح جدول پیوست است. بدیهی است در صورت عدم تکمیل اطلاعات ظرف مدت یک هفته از ارجاع درخواست به کارگزار ارزیاب موضوع از اولویت بررسی خارج خواهد شد.
فروش اقساطی (لیزینگ و سفارش ساخت),مدارک مورد نیاز که می بایست توسط فروشنده و خریدار برای ثبت درخواست در سامانه غزال فراهم گردد چیست؟,جدول پیوست
فروش اقساطی (لیزینگ و سفارش ساخت),مدت زمان بررسی درخواست لیزینگ چقدر است؟,پ س از تکمیل، ارسال و تایید کاربرگ، در صورت همکاری کامل خریدار و فروشنده در ارسال مدارک و مستندات باکارگزار جهت تهیه گزارش ارزیابی، حداکثر زمان ارزیابی تسهیلات 20 روز خواهد بود.
فروش اقساطی (لیزینگ و سفارش ساخت),لیزینگ اعتباری چیست؟,در صورتی که خریدار سابقه فروش محصول را داشته و پیش­بینی متعدد فروش برای سال آتی دارد، به شرط پذیرش بانک(عامل مالی)، می­تواند درخواست حد اعتباری لیزینگ نماید.
فروش اقساطی (لیزینگ و سفارش ساخت),چه محصولاتی شرایط استفاده از خدمت لیزینگ را دارند؟,محصولات دانش بنیان 1) سرمایه­ای، 2) واسطه ای و مصرفی در صورت احراز شرایط
فروش اقساطی (لیزینگ و سفارش ساخت),حداقل میزان استفاده از تسهیلات لیزینگ در هر درخواست چقدر است؟,1 میلیارد ریال
فروش اقساطی (لیزینگ و سفارش ساخت),نرخ سود، دوره بازپرداخت و وثایق در مدل لیزینگ اعتباری چگونه است؟,مشابه با تسهیلات لیزینگ صندوق نوآوری و شکوفایی
فروش اقساطی (لیزینگ و سفارش ساخت),فرآیند پرداخت پس از تصویب حد اعتباری لیزینگ چکونه است؟,پس از تصویب، شرکت دانش بنیان خریدار/ خریداران را به عامل مالی تعیین شده معرفی می نماید. در صورت احراز شرایط اعتباری و ارایه وثایق کافی از سوی خریدار عامل مالی اقدام به عقد قرارداد با خریدار خواهد نمود. پس از عقد قرارداد با عامل مالی و با هماهنگی صندوق تحویل موضوع تسهیلات به خریدار انجام شده و پس از ارایه مستندات تحویل و نصب و راه اندازی کالا در محل خریدار (صورتجلسه تحویل، مستندات واریز سهم خریدار به حساب شرکت فروشنده و....)پرداخت به شرکت فروشنده انجام خواهد شد.
فروش اقساطی (لیزینگ و سفارش ساخت),آیا امکان ارایه همزمان درخواست تسهیلات لیزینگ و سفارش ساخت برای خریداران مختلف وجود دارد؟,بله به شرط تایید توانمندی فروشنده در اجرای همزمان قراردادها
فروش اقساطی (لیزینگ و سفارش ساخت),اگر قرارداد شرکت شامل کالای غیر دانش بنیان هم باشد می¬توان تسهیلات فروش اقساطی را به کل قرارداد اعطا نمود؟,خیر ارایه تسهیلات لیزینگ فقط به محصول دانش بنیان تعلق می گیرد.
فروش اقساطی (لیزینگ و سفارش ساخت),حداقل میزان پیش پرداخت در خدمات فروش اقساطی چه میزان است؟,20 درصد برای کارفرمایان دولتی
فروش اقساطی (لیزینگ و سفارش ساخت),آیا شرکت دانش بنیان جهت قراردادهای خاتمه یافته می¬تواند اقدام به ارایه درخواست لیزینگ و تکمیل کاربرگ نماید؟,خیر
فروش اقساطی (لیزینگ و سفارش ساخت),نرخ تسهیلات خدمت توسعه بازار (لیزینگ و سفارش ساخت) چقدر است؟,نرخ شورای پول و اعتبار
فروش اقساطی (لیزینگ و سفارش ساخت),آیا لیزینگ به نرم افزارتعلق می¬گیرد؟,بله به شرط تایید اصالت معامله، تایید قیمت محصول، ثبت معامله در معاملات فروش فصلی فروشنده و خرید فصلی خریدار و...
فروش اقساطی (لیزینگ و سفارش ساخت),شرایط استفاده از تسهیلات لیزینگ برای محصولات مصرفی چیست؟,تنها لیزینگ امکان پذیر بوده به شرط تایید اصالت معامله، ثبت در معاملات فروش فصلی فروشنده و خرید فصلی خریدار، وجود صورت های مالی حسابرسی شده 3 سال گذشته فروشنده و خریدار و ....
فروش اقساطی (لیزینگ و سفارش ساخت),شرایط بازپرداخت تسهیلات لیزینگ و سفارش ساخت چگونه است؟,مد ت تنفس حداکثر 6 ماه و طول دوره بازپرداخت با احتساب دوره تنفس حداکثر 36 ماه خواهد بود. دوره بازپرداخت از تاریخ آخرین مرحله پرداخت شروع خواهد شد.
فروش اقساطی (لیزینگ و سفارش ساخت),در خدمت لیزینگ و استصناع تضامین و وثایق از کدامیک از خریدار یا فروشنده اخذ می شود؟,خریدار، متعهد بازپرداخت تسهیلات است و لذا تضامین از خریدار اخذ خواهد شد. اما در تسهیلات سفارش ساخت (استصناع) علاوه بر خریدار از فروشنده نیز تضامین لازم بابت حسن اجرای کار در دوره ساخت محصول اخذ خواهد شد.
فروش اقساطی (لیزینگ و سفارش ساخت),مراحل ارسال درخواست حد اعتباری لیزینگ چگونه است؟,فروشنده ضمن انتخاب گزینه لیزینگ اعتباری در سامانه غزال صندوق، پیش فاکتور کلی حاوی مشخصات محصولات دانش بنیان، تعداد فروش بالقوه آتی و مبلغ فروش محصول را اعلام می­نماید. در فیلد مربوط به نام خریدار، صنف استفاده کننده محصول به عنوان خریدار ذکر شود. ارسال مشخصات خریداران در زمان ثبت درخواست الزامی نیست.
فروش اقساطی (لیزینگ و سفارش ساخت),لیزینگ اعتباری چیست؟,در صورتی که خریدار سابقه فروش محصول را داشته و پیش­بینی متعدد فروش برای سال آتی دارد می­تواند درخواست حد اعتباری لیزینگ نماید. ثبت درخواست صرفا از طریق سامانه غزال انجام شده و بررسی اولیه درخواست توسط صندوق انجام خواهد گرفت اما در نهایت اعتبار سنجی و تعیین تضامین هریک از خریداران به طور مستقل توسط عامل مالی انجام خواهد پذیرفت. برای جزییات بیشتر کلیک کنید
فروش اقساطی (لیزینگ و سفارش ساخت),تفاوت لیزینگ بانکی و لیزینگ داخلی و صندوق های پژوهش و فناوری در زمان ثبت درخواست در سامانه غزال صندوق چیست؟,در لیزینگ بانکی درصورت تصویب و تایید بانک عامل، عاملیت مالی عقد قرارداد و پرداخت از طریق بانک های دارای تفاهم نامه همکاری با صندوق انجام می­شود اما در لیزینگ داخلی بسته به مبلغ تسهیلات عامل مالی صندوق نوآوری و شکوفایی یا صندوق های پژوهش و فناوری (خط اعتباری تخصیص داده شده به صندوق های پژوهش و فناوری از سوی صندوق نوآوری)خواهد بود. تعیین عامل مالی در همه موارد به تشخیص صندوق نوآوری و شکوفایی خواهد بود.
فروش اقساطی (لیزینگ و سفارش ساخت),آیا پیش پرداخت توسط کارفرما می تواند در چند قسط و در طول دوره اجرا پرداخت گردد؟,به شرط تایید کمیته متناسب با پرداخت ها امکان پذیر خواهد بود
فروش اقساطی (لیزینگ و سفارش ساخت),تفاوت تسهیلات لیزینگ و سفارش ساخت (استصناع) در چیست؟,در تسهیلات لیزینگ کالا در انبار فروشنده موجود بوده و پس از تحویل کالا به خریدار، تسهیلات به حساب فروشنده واریز خواهد شد. اما در تسهیلات سفارش ساخت کالا آماده نبوده و بر اساس پیشرفت ساخت و به صورت مرحله­ای پرداخت تسهیلات به حساب شرکت فروشنده انجام خواهد شد.
فروش اقساطی (لیزینگ و سفارش ساخت),آیا در صورت وجود عضو هیات مدیره یا سهامدار مشترک بین فروشنده و خریدار امکان استفاده از تسهیلات لیزینگ و سفارش ساخت وجود دارد؟,خیر
فروش اقساطی (لیزینگ و سفارش ساخت),آیا امکان استفاده همزمان از تسهیلات لیزینگ و سایر خدمات صندوق وجود دارد؟,شرکت نمیتواند همزمان خدمت لیزینگ و سایر تسهیلات را در یک قرارداد دریافت نماید.تسهیلات لیزینگ و سرمایه درگردش با یکدیگر همپوشانی داشته و تا زمان احراز اثربخشی تسهیلات سرمایه درگردش شرکت ، امکان ارسال درخواست فروش اقساطی وجود ندارد.
فروش اقساطی (لیزینگ و سفارش ساخت),چه محصولاتی شرایط استفاده از خدمت سفارش ساخت را دارند؟,محصولات دانش­بنیان سرمایه­ای (ماشین آلات و تجهیزات)
فروش اقساطی (لیزینگ و سفارش ساخت),آیا بخش دولتی می تواند از خدمت لیزینگ و سفارش ساخت استفاده نماید؟,خر یداران دولتی یا نهاد عمومی غیردولتی مشروط به سپردن ضمانت نامه تعهدپرداخت بانکی یا ارایه وثایق محکم سهل­البیع به تشخیص صندوق امکان استفاده از این خدمات را خواهند داشت.
فروش اقساطی (لیزینگ و سفارش ساخت),آیا در زمان تکمیل کاربرگ تضامین مورد نیاز برای استفاده از تسهیلات لیزینگ مشخص است؟,در زمان تکمیل کاربرگ تضمین مورد قبول مشخص نبوده و نوع و ترکیب وثایق جهت تضمین تسهیلات لیزینگ و سفارش ساخت پس از اعتبارسنجی خریدار و تکمیل و ارایه گزارش ارزیابی در کمیته مشخص خواهد شد. بدیهی است در زمان ارسال درخواست خریدار تضامین لازم جهت تضمین تسهیلات را بایستی معرفی نماید.
فروش اقساطی (لیزینگ و سفارش ساخت),در تسهیلات سفارش ساخت مبنای اخذ تضامین از فروشنده چیست؟,سابقه فنی و مالی و عملکرد در قراردادهای گذشته شرکت فروشنده
فروش اقساطی (لیزینگ و سفارش ساخت),آیا شرکت های توزیع و پخش به عنوان خریدار می¬توانند از تسهیلات لیزینگ استفاده نمایند؟,خیر، با توجه به ماهیت فعالیت­ شرکت­های توزیع و پخش به صورت خرید امانی و پرداخت­های دوره­ای مشمول استفاده از تسهیلات نمی­باشند.
صکوک,صندوق در تسهیل انتشار اوراق صکوک چه خدماتی را ارئه می نماید؟,"صندوق از دو روش زیر می‌تواند نسبت به تسهیل انتشار اوراق صکوک اقدام نماید. تسهیل انتشار اوراق صکوک (پشتیبانی رکن ضامن): شرکت‌ها برای ضمانت انتشار اوراق صکوک مورد نیاز خود می توانند معادل 50% مبلغ اصل و فرع اوراق تا سقف 6،000 میلیارد ریال، از ""ضمانتنامه اعتباری"" صندوق نوآوری و شکوفایی بهره­مند شوند. در این مسیر صندوق به عنوان پشتیبان رکن ضامن قرار می گیرید. صندوق در تعامل با بانک­­های ضامن متعهد شده است به منظور تامین وثایق شرکت­­ها، ضمانت­نامه­ای معادل 50% مجموع اصل و سود اوراق را به بانک ارائه دهد و بانک برای الباقی وثایق صرفاً اسناد تجاری از شرکت­ها دریافت کند و حداکثر 30% تخفیف در کارمزد ضمانت در نظر بگیرد. تسهیل انتشار اوراق صکوک (رکن ضامن): شرکت‌ها برای ضمانت انتشار اوراق صکوک مورد نیاز خود می توانند معادل 100% مبلغ اصل و فرع اوراق تا سقف 6،000 میلیارد ریال، از ""ضمانتنامه اعتباری"" صندوق نوآوری و شکوفایی بهره­مند شوند. در این مسیر صندوق به عنوان رکن ضامن قرار می گیرید. صندوق مستقلا می تواند به عنوان رکن ضامن انتشار اوراق صکوک قرار بگیرد که در این حالت به منظور تامین وثایق شرکت­­ها صرفاً اسناد تجاری از شرکت­ها دریافت می نماید."
صکوک,صکوک چیست؟,صکوک، اوراق بهادار قابل معامله در بازارهای مالی است که با مجوز سازمان بورس و اوراق بهادار منتشر می­شود و پس از فروش این اوراق توسط عامل فروش منابع حاصل از فروش آن در اختیار شرکت قرار داده می شود. این منابع را می توان به منظور تأمین هزینه‌های جاری (سرمایه در گردش) و توسعه زیرساخت تولید محصولات/خدمات دانش بنیان استفاده کرد. سود این اوراق بصورت دوره ای (معمولاً هر سه ماه یکبار) و اصل آن پس از دوره مشخص (معمولاً 4 سال) توسط بانی اوراق (شرکت متقاضی) بازپرداخت می­شود. یکی از ارکان اصلی انتشار این اوراق، رکن ضامن است که ضمانت بازپرداخت سود و اصل اوراق را برعهده دارد و برای اوراق 4 ساله مبلغ این ضمانت حدود 2 برابر اصل اوراق است.
صکوک,چه شرکت‌هایی امکان استفاده از خدمت صکوک را دارند؟,"فروش کل شرکت در سال 1403 ( بر اساس گزارش‌های معاملات فصلی/صورت‌های مالی) بیشتر از 5,000 میلیارد ریال باشد. در سال 1403 ( بر اساس گزارش‌های معاملات فصلی/صورت‌های مالی) حداقل 30% فروش شرکت مربوط به فروش محصولات دانش بنیان باشد یا در غیر اینصورت برنامه‌ی عملیاتی شرکت به گونه ای باشد که در اثر اجرای آن، سهم محصول دانش بنیان در سبد فروش شرکت حداقل 2 برابر شده و به بیش از 15% برسد. شرکت برنامه‌ی عملیاتی مشخصی برای رشد میانگین سالانه حداقل 10 درصدی مقدار تولید محصولات/خدمات دانش بنیان در طول دوره زمانی اوراق منتشر شده داشته باشد. در صورتی‌که شرکت قبلاً از خدمات تسهیلاتی صندوق (به صورت مستقیم یا با اخذ معرفی‌نامه) استفاده کرده باشد، اثر دریافت این خدمات در توسعه و رشد شرکت قابل احراز باشد. سرمایه ثبتی شرکت (براساس آخرین آگهی تغییرات سرمایه) حداقل 100 میلیارد ریال و حقوق مالکانه (براساس آخرین صورت مالی حسابرسی شده) حداقل 200 میلیارد ریال باشد. نسبت مجموع بدهی‌ها به دارايی‌های آن (براساس صورت مالی حسابرسی شده آخرین سال) حداکثر 80 درصد باشد. جريان نقدي حاصل از عمليات شرکت در طی دو سال مالي اخير مثبت باشد و حداقل کفاف 50 درصد جمع اقساط 12 ماه نخست بعد از انتشار اوراق را بدهد. عدم وجود زیان انباشته و آخرین سود خالص سالانه کفاف حداقل 50 درصد از مجموع اقساط 12 ماه نخست بعد از انتشار اوراق را بدهد. شرکت دارای صورت های مالی حسابرسی شده توسط ""حسابرس معتمد سازمان بورس"" برای 2 دوره مالی اخیر باشد و اظهار نظر بازرس و حسابرس شرکت مردود يا عدم اظهارنظر نباشد."
صکوک,سقف میزان ضمانت نامه صادره برای شرکت‌های دانش‌بنیان بر چه اساسی تعیین می‌شود؟,میزان ضمانت نامه قابل ارائه به شرکت‌های دانش‌بنیان متناسب با برنامه شرکت برای هزینه های سرمایه ثابت و سرمایه در گردش قابل محاسبه می باشد در این راستا طرح شرکت به لحاظ مسائل فنی اقتصادی و بازار بررسی شده و هزینه های مورد نیاز توسعه زیرساخت و یا هزینه های جاری تولید محصول دانش بنیان محاسبه می شود و سقف تامین مالی مورد نیاز مشخص و متناسب با رفتار مالی و اعتباری شرکت درصد پذیرش ریسک صندوق محاسبه و میزان سقف ضمانت نامه قابل اعطا محاسبه می شود. ارزیابی تقاضاها بر مبنای اطلاعات ارائه شده توسط شرکت انجام می‌شود و هر چه اطلاعات ارائه شده دقیق­تر و کامل­تر باشد به تصمیم گیری بهتر و سریعتر کمک می کند. از این رو تکمیل دقیق کاربرگ های تقاضا و همکاری در فرایند ارزیابی از اهمیت زیادی برخوردار است.
صکوک,مراحل دریافت خدمت صکوک چگونه است؟,ثبت درخواست، بررسی شرایط اولیه توسط کارشناس، بررسی مستندات و بازدید حضوری توسط کارگزار، بررسی گزارش کارگزار توسط کارشناس و ارائه گزارش نهایی در کمیته و اخذ مصوبه در کمیته مربوطه، ابلاغ نامه قبولی صدور ضمانت نامه اعتباری به بانک عامل یا ابلاغ نامه قبولی رکن ضامن به سازمان بورس و اوراق بهادار، ارسال نامه درخواست بانک مبنی بر مشخص نمودن ضمانت نامه مورد نیاز از صندوق یا ارسال موافقت نامه اصولی سازمان بورس، صدور مصوبه ضمانت نامه و ارجاع آن به واحد حقوقی جهت اخذ کارمزد و وجه تضمین و ارائه ضمانت نامه به بانک عامل یا انعقاد قرارداد ضمانت با ناشر.
صکوک,برای ثبت درخواست خدمت صکوک چه مدارکی مورد نیاز است؟,ارائه‌ی صورت مالی حسابرسی شده‌ و اظهارنامه مالیاتی برای 2 سال مالی اخیر رسید گزارش خرید و فروش فصلی و یا اظهارنامه مالیات بر ارزش افزوده چهار فصل اخیر لیست بیمه تامین اجتماعی شرکت در سه سال اخیر تکمیل کاربرگ های مربوطه که شامل اطلاعات زیر است: برنامه عملیاتی برای رشد تولید و فروش در طول دوره اوراق اطلاعات مربوط به قراردادهای جاری یا سفارش‌های اخذ شده فهرست هزینه‌های انجام شده و مورد نیاز اجرای طرح به تفکیک سرفصل هزینه‌ها مستندات هزینه­های مورد نیاز (پیش فاکتورهای معتبر و به روز، فاکتورهای خرید اخیر و ...) تأییدیه ها و مجوزهای مورد نیاز برای تولید و فروش تکمیل فرم اثربخشی خدمات تسهیلاتی دریافتی قبلی از صندوق (به صورت مستقیم یا با اخذ معرفی‌نامه) در صورت شمول تکمیل تعهد نامه پیش بینی فروش کمی و ریالی محصول دانش بنیان در طول دوره اوراق ارائه مستندات و شواهد برای احراز توان شرکت مبنی بر تولید و فروش محصول دانش بنیان به میزان مندرج در تعهد نامه
رشد تولید، تثبیت تولید، تامین مالی قرارداد و ضمانت نامه اعتباری,ضمانت نامه اعتباری صندوق نوآوری و شکوفایی برای کجا و چه تسهیلاتی قابل ارائه است؟,ذی نفع ضمانت نامه اعتباری صندوق نوآوری بانکهای همکار صندوق هستند و این ضمانت نامه برای تسهیلاتی که شرکتها به صورت مستقیم توسط صندوق به بانک معرفی می شوند و یا تسهیلات مرتبط با محصول دانش بنیان که توسط خود شرکت از بانک اخذ شده و نیازمند تضمین صندوق نوآوری است، قابل ارائه خواهد بود.
رشد تولید، تثبیت تولید، تامین مالی قرارداد و ضمانت نامه اعتباری,چه شرکت‌هایی امکان استفاده از تسهیلات رشد تولید، تثبیت تولید و تامین مالی قرارداد را دارند؟,تمامی شرکت‌های دانش‌بنیان مورد تأیید کارگروه ارزیابی و تشخیص صلاحیت شرکت‌ها و موسسات دانش‌بنیان معاونت علمی و فناوری ریاست جمهوری (مندرج در pub.daneshbonyan.ir) امکان استفاده از این خدمت را دارند.
رشد تولید، تثبیت تولید، تامین مالی قرارداد و ضمانت نامه اعتباری,چه شرکتهایی امکان استفاده از ضمانت نامه اعتباری صندوق نوآوری و شکوفایی را دارند؟,تمامی شرکت‌های دانش‌بنیان مورد تأیید کارگروه ارزیابی و تشخیص صلاحیت شرکت‌ها و موسسات دانش‌بنیان معاونت علمی و فناوری ریاست جمهوری (مندرج در pub.daneshbonyan.ir) امکان استفاده از این خدمت را دارند.
رشد تولید، تثبیت تولید، تامین مالی قرارداد و ضمانت نامه اعتباری,سقف میزان تسهیلات رشد تولید، تثبیت تولید و تامین مالی قرارداد برای شرکت‌های دانش‌بنیان بر چه اساسی تعیین می‌شود؟,میزان تسهیلات رشد تولید و تثبیت تولید قابل ارائه به شرکت‌های دانش‌بنیان بر اساس هزینه تمام شده تولید محصول دانش بنیان تعهد شده طی یک سال آتی بعد از دریافت تسهیلات و دوره گردش شرکت محاسبه می گردد. در ارتباط با تامین مالی قرارداد، میزان تسهیلات بر جریان نقد قرارداد و نیاز مالی احراز شده برای آن تعیین می گردد.
رشد تولید، تثبیت تولید، تامین مالی قرارداد و ضمانت نامه اعتباری,برای ثبت درخواست تسهیلات رشد تولید، تثبیت تولید و تامین مالی قرارداد، چه مدارکی مورد نیاز است؟,برای این تسهیلات ارائه مدارک زیر الزامی است: اظهارنامه مالیاتی و صورت مالی حسابرسی شده برای دو سال اخیر رسید گزارش خرید و فروش فصلی و یا اظهارنامه مالیات بر ارزش افزوده چهار فصل اخیر شرکت لیست بیمه تامین اجتماعی شرکت در سه سال اخیر کاربرگ تکمیل شده مرتبط با تولید و فروش محصول دانش بنیان تکمیل تعهد نامه پیش بینی فروش کمی و ریالی محصول دانش بنیان طی یک سال آتی بعد از دریافت وام مستندات و شواهد(از قبیل فعال نمودن ظرفیت های خط تولید موجود، اخذ مجوز جدید، انعقاد قرارداد جدید و ...)برای احراز توان شرکت مبنی بر تولید و فروش محصول دانش بنیان به میزان مندرج در تعهد نامه در ارتباط با تامین مالی قرارداد علاوه بر مستندات فوق، ارائه قرارداد معتبر، تکمیل فرم استعلام وضعیت قرارداد مهر و امضا شده توسط کارفرما و ارائه ضمانت نامه های مرتبط با آن قرارداد الزامی است. تکمیل فرم اثربخشی خدمات تسهیلاتی دریافتی قبلی از صندوق (به صورت مستقیم یا با اخذ معرفی‌نامه) در صورت شمول تأییدیه ها و مجوزهای مورد نیاز برای تولید و فروش
رشد تولید، تثبیت تولید، تامین مالی قرارداد و ضمانت نامه اعتباری,برای ثبت درخواست ضمانت نامه اعتباری، چه مدارکی مورد نیاز است؟,برای این تسهیلات ارائه مدارک زیر الزامی است: اظهارنامه مالیاتی و صورت مالی حسابرسی شده برای دو سال اخیر رسید گزارش خرید و فروش فصلی و یا اظهارنامه مالیات بر ارزش افزوده چهار فصل اخیر شرکت لیست بیمه تامین اجتماعی شرکت در سه سال اخیر نامه ی بانک خطاب به صندوق نوآوری مبنی بر پذیرش ضمانت نامه اعتباری برای تسهیلات شرکت که در آن مبلغ وام مصوب، مبلغ ضمانت نامه، مدت وام، دوره بازپرداخت و تعداد مراحل بازپرداخت درج شده باشد. نامه ی درخواست شرکت خطاب به رئیس محترم صندوق مبنی بر صدور ضمانت نامه اعتباری که در آن نام بانک ذی نفع، مبلغ ضمانت نامه، نام شعبه و کد شعبه درج شده باشد. تکمیل تعهد نامه پیش بینی فروش کمی و ریالی محصول دانش بنیان طی یک سال آتی بعد از دریافت وام مستندات و شواهد(از قبیل فعال نمودن ظرفیت های خط تولید موجود، اخذ مجوز جدید، انعقاد قرارداد جدید و ...)برای احراز توان شرکت مبنی بر تولید و فروش محصول دانش بنیان به میزان مندرج در تعهد نامه تأییدیه ها و مجوزهای مورد نیاز برای تولید و فروش در صورت نیاز معرفی ضامن حقوقی معتبر و ارائه صورت مالی حسابرسی شده برای آخرین سال مالی به همراه رزومه شرکت ضامن
ودیعه رهن,چه شرکت‌هایی امکان استفاده از تسهیلات ودیعه رهن را دارند؟,حداکثر 5 سال از تاریخ تاسیس یا فعالیت شرکت گذشته باشد درآمد شرکت در سال گذشته کمتر از 100 میلیارد ریال باشد. محل استقرار معرفی شده درخواستی متعلق به اعضای هیات مدیره و سهامداران شرکت نباشد. محل درخواست متقاضی در استان محل ثبت شرکت در روزنامه رسمی باشد. شرکت دارای لیست بیمه نیروی انسانی ثبت شده در سامانه تامین اجتماعی باشد. شرکت باید برنامه افزایش نیروی انسانی، افزایش فروش محصولات دانش بنیان و یا برنامه مشخصی برای توسعه محصولات دانش بنیان داشته باشد.
ودیعه رهن,مراحل تمدید تسهیلات ودیعه رهن محل کار چگونه است؟,ثبت درخواست تمدید 2 ماه قبل از اتمام قرارداد و ارائه مسستندات تحقق تعهدات داده شده در زمان اخذ تسهیلات، بررسی تحقق شروط نظارتی و بازدید از محل اجاره توسط کارگزار و تصویب تمدید در کمیته و ارجاع مجدد به بانک جهت تمدید تسهیلات ودیعه رهن
ودیعه رهن,زمان ارزیابی صندوق برای درخواست تسهیلات ودیعه رهن چند روز است؟,30 روز زمان ارزیابی در صندوق و 30 روز زمان انعقاد قرارداد در بانک
ودیعه رهن,سقف میزان تسهیلات ودیعه رهن محل کار برای شرکت‌های دانش‌بنیان بر چه اساسی تعیین می‌شود؟,حمایت تا سقف 70% ارزش کل رهن بر اساس نظریه کارشناسی رسمی (در شهر محل ثبت شرکت) به صورت قرض‌الحسنه سقف تسهیلات در شهر تهران 10،000میلیون ریال، کلان‌شهرها 7،500 میلیون ریال و سایر شهرها 5،000 میلیون ریال این تسهیلات یک ساله بوده و به مدت دو سال قابل تمدید است.(در صورت دستیابی به اهداف تعیین شده در سال‌های آتی قابل تمدید است)
ودیعه رهن,برای ثبت درخواست تسهیلات ودیعه رهن محل کار چه مدارکی مورد نیاز است؟,لیست بیمه سه ماه اخیر، اظهار نامه 2 سال اخیر، فروش فصلی 4 فصل اخیر، مستندات اجاره محل فضای فعلی و دلایل توجیهی درخواست تسهیلات ودیعه رهن و برنامه توسعه شرکت، تعهد نامه افزایش نیروی انسانی، افزایش درآمد و توسعه محصول و اخذ مجوزات مربوطه
ودیعه رهن,مراحل دریافت تسهیلات ودیعه رهن محل کار چگونه است؟,ث بت درخواست، بررسی شرایط اولیه توسط کارشناس، بررسی مستندات و بازدید حضوری توسط کارگزار، بررسی گزارش کارگزار توسط کارشناس و ارائه گزارش نهایی در کمیته و اخذ مصوبه در کمیته مربوطه، معرفی ملک توسط شرکت، ارزیابی ملک توسط کارشناس رسمی دادگستری در واحد حقوقی و صدور معرفی نامه نهایی به بانک بر اساس مبلغ کارشناسی شده، مبلغ توافق شده با موجر و سقف تسهیلات مصوب شده، مراجعه شرکت به بانک و ارائه مستندات و انعقاد قرارداد با موجر و بانک مطابق ضوابط بانک، پرداخت تسهیلات توسط بانک
